<?xml version="1.0" encoding="UTF-8" standalone="no"?>
<Context docBase="C:\Users\Hache\Desktop\aut05_04_galeriaimagenesjorgefroi_2\aut05_04_galeriaimagenesjorgefroi\aut05_04_galeriaimagenesjorgefroi\deploy">
  <Resources cacheMaxSize="10240">
    <PreResources base="C:/Users/Hache/Desktop/aut05_04_galeriaimagenesjorgefroi_2/aut05_04_galeriaimagenesjorgefroi/aut05_04_galeriaimagenesjorgefroi/target/classes" className="org.apache.catalina.webresources.DirResourceSet" webAppMount="/WEB-INF/classes"/>
    <PostResources base="C:/Users/Hache/.m2/repository/org/springframework/boot/spring-boot-starter-jersey/3.1.7/spring-boot-starter-jersey-3.1.7.jar" className="org.apache.catalina.webresources.FileResourceSet" webAppMount="/WEB-INF/lib/spring-boot-starter-jersey-3.1.7.jar"/>
    <PostResources base="C:/Users/Hache/.m2/repository/org/springframework/boot/spring-boot-starter-json/3.1.7/spring-boot-starter-json-3.1.7.jar" className="org.apache.catalina.webresources.FileResourceSet" webAppMount="/WEB-INF/lib/spring-boot-starter-json-3.1.7.jar"/>
    <PostResources base="C:/Users/Hache/.m2/repository/com/fasterxml/jackson/core/jackson-databind/2.15.3/jackson-databind-2.15.3.jar" className="org.apache.catalina.webresources.FileResourceSet" webAppMount="/WEB-INF/lib/jackson-databind-2.15.3.jar"/>
    <PostResources base="C:/Users/Hache/.m2/repository/com/fasterxml/jackson/core/jackson-core/2.15.3/jackson-core-2.15.3.jar" className="org.apache.catalina.webresources.FileResourceSet" webAppMount="/WEB-INF/lib/jackson-core-2.15.3.jar"/>
    <PostResources base="C:/Users/Hache/.m2/repository/com/fasterxml/jackson/datatype/jackson-datatype-jdk8/2.15.3/jackson-datatype-jdk8-2.15.3.jar" className="org.apache.catalina.webresources.FileResourceSet" webAppMount="/WEB-INF/lib/jackson-datatype-jdk8-2.15.3.jar"/>
    <PostResources base="C:/Users/Hache/.m2/repository/com/fasterxml/jackson/datatype/jackson-datatype-jsr310/2.15.3/jackson-datatype-jsr310-2.15.3.jar" className="org.apache.catalina.webresources.FileResourceSet" webAppMount="/WEB-INF/lib/jackson-datatype-jsr310-2.15.3.jar"/>
    <PostResources base="C:/Users/Hache/.m2/repository/com/fasterxml/jackson/module/jackson-module-parameter-names/2.15.3/jackson-module-parameter-names-2.15.3.jar" className="org.apache.catalina.webresources.FileResourceSet" webAppMount="/WEB-INF/lib/jackson-module-parameter-names-2.15.3.jar"/>
    <PostResources base="C:/Users/Hache/.m2/repository/org/springframework/boot/spring-boot-starter-validation/3.1.7/spring-boot-starter-validation-3.1.7.jar" className="org.apache.catalina.webresources.FileResourceSet" webAppMount="/WEB-INF/lib/spring-boot-starter-validation-3.1.7.jar"/>
    <PostResources base="C:/Users/Hache/.m2/repository/org/hibernate/validator/hibernate-validator/8.0.1.Final/hibernate-validator-8.0.1.Final.jar" className="org.apache.catalina.webresources.FileResourceSet" webAppMount="/WEB-INF/lib/hibernate-validator-8.0.1.Final.jar"/>
    <PostResources base="C:/Users/Hache/.m2/repository/com/fasterxml/classmate/1.5.1/classmate-1.5.1.jar" className="org.apache.catalina.webresources.FileResourceSet" webAppMount="/WEB-INF/lib/classmate-1.5.1.jar"/>
    <PostResources base="C:/Users/Hache/.m2/repository/org/springframework/spring-web/6.0.15/spring-web-6.0.15.jar" className="org.apache.catalina.webresources.FileResourceSet" webAppMount="/WEB-INF/lib/spring-web-6.0.15.jar"/>
    <PostResources base="C:/Users/Hache/.m2/repository/org/springframework/spring-beans/6.0.15/spring-beans-6.0.15.jar" className="org.apache.catalina.webresources.FileResourceSet" webAppMount="/WEB-INF/lib/spring-beans-6.0.15.jar"/>
    <PostResources base="C:/Users/Hache/.m2/repository/io/micrometer/micrometer-observation/1.11.7/micrometer-observation-1.11.7.jar" className="org.apache.catalina.webresources.FileResourceSet" webAppMount="/WEB-INF/lib/micrometer-observation-1.11.7.jar"/>
    <PostResources base="C:/Users/Hache/.m2/repository/io/micrometer/micrometer-commons/1.11.7/micrometer-commons-1.11.7.jar" className="org.apache.catalina.webresources.FileResourceSet" webAppMount="/WEB-INF/lib/micrometer-commons-1.11.7.jar"/>
    <PostResources base="C:/Users/Hache/.m2/repository/org/glassfish/jersey/containers/jersey-container-servlet-core/3.1.5/jersey-container-servlet-core-3.1.5.jar" className="org.apache.catalina.webresources.FileResourceSet" webAppMount="/WEB-INF/lib/jersey-container-servlet-core-3.1.5.jar"/>
    <PostResources base="C:/Users/Hache/.m2/repository/jakarta/inject/jakarta.inject-api/2.0.1/jakarta.inject-api-2.0.1.jar" className="org.apache.catalina.webresources.FileResourceSet" webAppMount="/WEB-INF/lib/jakarta.inject-api-2.0.1.jar"/>
    <PostResources base="C:/Users/Hache/.m2/repository/org/glassfish/jersey/core/jersey-common/3.1.5/jersey-common-3.1.5.jar" className="org.apache.catalina.webresources.FileResourceSet" webAppMount="/WEB-INF/lib/jersey-common-3.1.5.jar"/>
    <PostResources base="C:/Users/Hache/.m2/repository/org/glassfish/hk2/osgi-resource-locator/1.0.3/osgi-resource-locator-1.0.3.jar" className="org.apache.catalina.webresources.FileResourceSet" webAppMount="/WEB-INF/lib/osgi-resource-locator-1.0.3.jar"/>
    <PostResources base="C:/Users/Hache/.m2/repository/jakarta/ws/rs/jakarta.ws.rs-api/3.1.0/jakarta.ws.rs-api-3.1.0.jar" className="org.apache.catalina.webresources.FileResourceSet" webAppMount="/WEB-INF/lib/jakarta.ws.rs-api-3.1.0.jar"/>
    <PostResources base="C:/Users/Hache/.m2/repository/org/glassfish/jersey/containers/jersey-container-servlet/3.1.5/jersey-container-servlet-3.1.5.jar" className="org.apache.catalina.webresources.FileResourceSet" webAppMount="/WEB-INF/lib/jersey-container-servlet-3.1.5.jar"/>
    <PostResources base="C:/Users/Hache/.m2/repository/org/glassfish/jersey/core/jersey-server/3.1.5/jersey-server-3.1.5.jar" className="org.apache.catalina.webresources.FileResourceSet" webAppMount="/WEB-INF/lib/jersey-server-3.1.5.jar"/>
    <PostResources base="C:/Users/Hache/.m2/repository/org/glassfish/jersey/core/jersey-client/3.1.5/jersey-client-3.1.5.jar" className="org.apache.catalina.webresources.FileResourceSet" webAppMount="/WEB-INF/lib/jersey-client-3.1.5.jar"/>
    <PostResources base="C:/Users/Hache/.m2/repository/jakarta/validation/jakarta.validation-api/3.0.2/jakarta.validation-api-3.0.2.jar" className="org.apache.catalina.webresources.FileResourceSet" webAppMount="/WEB-INF/lib/jakarta.validation-api-3.0.2.jar"/>
    <PostResources base="C:/Users/Hache/.m2/repository/org/glassfish/jersey/ext/jersey-bean-validation/3.1.5/jersey-bean-validation-3.1.5.jar" className="org.apache.catalina.webresources.FileResourceSet" webAppMount="/WEB-INF/lib/jersey-bean-validation-3.1.5.jar"/>
    <PostResources base="C:/Users/Hache/.m2/repository/org/jboss/logging/jboss-logging/3.5.3.Final/jboss-logging-3.5.3.Final.jar" className="org.apache.catalina.webresources.FileResourceSet" webAppMount="/WEB-INF/lib/jboss-logging-3.5.3.Final.jar"/>
    <PostResources base="C:/Users/Hache/.m2/repository/org/glassfish/jersey/ext/jersey-spring6/3.1.5/jersey-spring6-3.1.5.jar" className="org.apache.catalina.webresources.FileResourceSet" webAppMount="/WEB-INF/lib/jersey-spring6-3.1.5.jar"/>
    <PostResources base="C:/Users/Hache/.m2/repository/org/glassfish/jersey/inject/jersey-hk2/3.1.5/jersey-hk2-3.1.5.jar" className="org.apache.catalina.webresources.FileResourceSet" webAppMount="/WEB-INF/lib/jersey-hk2-3.1.5.jar"/>
    <PostResources base="C:/Users/Hache/.m2/repository/org/glassfish/hk2/hk2-locator/3.0.5/hk2-locator-3.0.5.jar" className="org.apache.catalina.webresources.FileResourceSet" webAppMount="/WEB-INF/lib/hk2-locator-3.0.5.jar"/>
    <PostResources base="C:/Users/Hache/.m2/repository/org/glassfish/hk2/external/aopalliance-repackaged/3.0.5/aopalliance-repackaged-3.0.5.jar" className="org.apache.catalina.webresources.FileResourceSet" webAppMount="/WEB-INF/lib/aopalliance-repackaged-3.0.5.jar"/>
    <PostResources base="C:/Users/Hache/.m2/repository/org/javassist/javassist/3.29.2-GA/javassist-3.29.2-GA.jar" className="org.apache.catalina.webresources.FileResourceSet" webAppMount="/WEB-INF/lib/javassist-3.29.2-GA.jar"/>
    <PostResources base="C:/Users/Hache/.m2/repository/org/glassfish/hk2/hk2/3.0.5/hk2-3.0.5.jar" className="org.apache.catalina.webresources.FileResourceSet" webAppMount="/WEB-INF/lib/hk2-3.0.5.jar"/>
    <PostResources base="C:/Users/Hache/.m2/repository/org/glassfish/hk2/hk2-utils/3.0.5/hk2-utils-3.0.5.jar" className="org.apache.catalina.webresources.FileResourceSet" webAppMount="/WEB-INF/lib/hk2-utils-3.0.5.jar"/>
    <PostResources base="C:/Users/Hache/.m2/repository/org/glassfish/hk2/hk2-api/3.0.5/hk2-api-3.0.5.jar" className="org.apache.catalina.webresources.FileResourceSet" webAppMount="/WEB-INF/lib/hk2-api-3.0.5.jar"/>
    <PostResources base="C:/Users/Hache/.m2/repository/org/glassfish/hk2/hk2-core/3.0.5/hk2-core-3.0.5.jar" className="org.apache.catalina.webresources.FileResourceSet" webAppMount="/WEB-INF/lib/hk2-core-3.0.5.jar"/>
    <PostResources base="C:/Users/Hache/.m2/repository/org/glassfish/hk2/hk2-runlevel/3.0.5/hk2-runlevel-3.0.5.jar" className="org.apache.catalina.webresources.FileResourceSet" webAppMount="/WEB-INF/lib/hk2-runlevel-3.0.5.jar"/>
    <PostResources base="C:/Users/Hache/.m2/repository/org/glassfish/hk2/class-model/3.0.5/class-model-3.0.5.jar" className="org.apache.catalina.webresources.FileResourceSet" webAppMount="/WEB-INF/lib/class-model-3.0.5.jar"/>
    <PostResources base="C:/Users/Hache/.m2/repository/org/ow2/asm/asm-analysis/9.6/asm-analysis-9.6.jar" className="org.apache.catalina.webresources.FileResourceSet" webAppMount="/WEB-INF/lib/asm-analysis-9.6.jar"/>
    <PostResources base="C:/Users/Hache/.m2/repository/org/ow2/asm/asm-commons/9.6/asm-commons-9.6.jar" className="org.apache.catalina.webresources.FileResourceSet" webAppMount="/WEB-INF/lib/asm-commons-9.6.jar"/>
    <PostResources base="C:/Users/Hache/.m2/repository/org/ow2/asm/asm-tree/9.6/asm-tree-9.6.jar" className="org.apache.catalina.webresources.FileResourceSet" webAppMount="/WEB-INF/lib/asm-tree-9.6.jar"/>
    <PostResources base="C:/Users/Hache/.m2/repository/org/ow2/asm/asm-util/9.6/asm-util-9.6.jar" className="org.apache.catalina.webresources.FileResourceSet" webAppMount="/WEB-INF/lib/asm-util-9.6.jar"/>
    <PostResources base="C:/Users/Hache/.m2/repository/org/glassfish/hk2/spring-bridge/3.0.5/spring-bridge-3.0.5.jar" className="org.apache.catalina.webresources.FileResourceSet" webAppMount="/WEB-INF/lib/spring-bridge-3.0.5.jar"/>
    <PostResources base="C:/Users/Hache/.m2/repository/org/glassfish/jersey/media/jersey-media-json-jackson/3.1.5/jersey-media-json-jackson-3.1.5.jar" className="org.apache.catalina.webresources.FileResourceSet" webAppMount="/WEB-INF/lib/jersey-media-json-jackson-3.1.5.jar"/>
    <PostResources base="C:/Users/Hache/.m2/repository/org/glassfish/jersey/ext/jersey-entity-filtering/3.1.5/jersey-entity-filtering-3.1.5.jar" className="org.apache.catalina.webresources.FileResourceSet" webAppMount="/WEB-INF/lib/jersey-entity-filtering-3.1.5.jar"/>
    <PostResources base="C:/Users/Hache/.m2/repository/com/fasterxml/jackson/core/jackson-annotations/2.15.3/jackson-annotations-2.15.3.jar" className="org.apache.catalina.webresources.FileResourceSet" webAppMount="/WEB-INF/lib/jackson-annotations-2.15.3.jar"/>
    <PostResources base="C:/Users/Hache/.m2/repository/com/fasterxml/jackson/module/jackson-module-jakarta-xmlbind-annotations/2.15.3/jackson-module-jakarta-xmlbind-annotations-2.15.3.jar" className="org.apache.catalina.webresources.FileResourceSet" webAppMount="/WEB-INF/lib/jackson-module-jakarta-xmlbind-annotations-2.15.3.jar"/>
    <PostResources base="C:/Users/Hache/.m2/repository/org/springframework/boot/spring-boot-starter-thymeleaf/3.1.7/spring-boot-starter-thymeleaf-3.1.7.jar" className="org.apache.catalina.webresources.FileResourceSet" webAppMount="/WEB-INF/lib/spring-boot-starter-thymeleaf-3.1.7.jar"/>
    <PostResources base="C:/Users/Hache/.m2/repository/org/springframework/boot/spring-boot-starter/3.1.7/spring-boot-starter-3.1.7.jar" className="org.apache.catalina.webresources.FileResourceSet" webAppMount="/WEB-INF/lib/spring-boot-starter-3.1.7.jar"/>
    <PostResources base="C:/Users/Hache/.m2/repository/org/springframework/boot/spring-boot-starter-logging/3.1.7/spring-boot-starter-logging-3.1.7.jar" className="org.apache.catalina.webresources.FileResourceSet" webAppMount="/WEB-INF/lib/spring-boot-starter-logging-3.1.7.jar"/>
    <PostResources base="C:/Users/Hache/.m2/repository/ch/qos/logback/logback-classic/1.4.14/logback-classic-1.4.14.jar" className="org.apache.catalina.webresources.FileResourceSet" webAppMount="/WEB-INF/lib/logback-classic-1.4.14.jar"/>
    <PostResources base="C:/Users/Hache/.m2/repository/ch/qos/logback/logback-core/1.4.14/logback-core-1.4.14.jar" className="org.apache.catalina.webresources.FileResourceSet" webAppMount="/WEB-INF/lib/logback-core-1.4.14.jar"/>
    <PostResources base="C:/Users/Hache/.m2/repository/org/apache/logging/log4j/log4j-to-slf4j/2.20.0/log4j-to-slf4j-2.20.0.jar" className="org.apache.catalina.webresources.FileResourceSet" webAppMount="/WEB-INF/lib/log4j-to-slf4j-2.20.0.jar"/>
    <PostResources base="C:/Users/Hache/.m2/repository/org/apache/logging/log4j/log4j-api/2.20.0/log4j-api-2.20.0.jar" className="org.apache.catalina.webresources.FileResourceSet" webAppMount="/WEB-INF/lib/log4j-api-2.20.0.jar"/>
    <PostResources base="C:/Users/Hache/.m2/repository/org/slf4j/jul-to-slf4j/2.0.9/jul-to-slf4j-2.0.9.jar" className="org.apache.catalina.webresources.FileResourceSet" webAppMount="/WEB-INF/lib/jul-to-slf4j-2.0.9.jar"/>
    <PostResources base="C:/Users/Hache/.m2/repository/org/yaml/snakeyaml/1.33/snakeyaml-1.33.jar" className="org.apache.catalina.webresources.FileResourceSet" webAppMount="/WEB-INF/lib/snakeyaml-1.33.jar"/>
    <PostResources base="C:/Users/Hache/.m2/repository/org/thymeleaf/thymeleaf-spring6/3.1.2.RELEASE/thymeleaf-spring6-3.1.2.RELEASE.jar" className="org.apache.catalina.webresources.FileResourceSet" webAppMount="/WEB-INF/lib/thymeleaf-spring6-3.1.2.RELEASE.jar"/>
    <PostResources base="C:/Users/Hache/.m2/repository/org/thymeleaf/thymeleaf/3.1.2.RELEASE/thymeleaf-3.1.2.RELEASE.jar" className="org.apache.catalina.webresources.FileResourceSet" webAppMount="/WEB-INF/lib/thymeleaf-3.1.2.RELEASE.jar"/>
    <PostResources base="C:/Users/Hache/.m2/repository/org/attoparser/attoparser/2.0.7.RELEASE/attoparser-2.0.7.RELEASE.jar" className="org.apache.catalina.webresources.FileResourceSet" webAppMount="/WEB-INF/lib/attoparser-2.0.7.RELEASE.jar"/>
    <PostResources base="C:/Users/Hache/.m2/repository/org/unbescape/unbescape/1.1.6.RELEASE/unbescape-1.1.6.RELEASE.jar" className="org.apache.catalina.webresources.FileResourceSet" webAppMount="/WEB-INF/lib/unbescape-1.1.6.RELEASE.jar"/>
    <PostResources base="C:/Users/Hache/.m2/repository/org/slf4j/slf4j-api/2.0.9/slf4j-api-2.0.9.jar" className="org.apache.catalina.webresources.FileResourceSet" webAppMount="/WEB-INF/lib/slf4j-api-2.0.9.jar"/>
    <PostResources base="C:/Users/Hache/.m2/repository/org/springframework/boot/spring-boot-starter-web/3.1.7/spring-boot-starter-web-3.1.7.jar" className="org.apache.catalina.webresources.FileResourceSet" webAppMount="/WEB-INF/lib/spring-boot-starter-web-3.1.7.jar"/>
    <PostResources base="C:/Users/Hache/.m2/repository/org/springframework/spring-webmvc/6.0.15/spring-webmvc-6.0.15.jar" className="org.apache.catalina.webresources.FileResourceSet" webAppMount="/WEB-INF/lib/spring-webmvc-6.0.15.jar"/>
    <PostResources base="C:/Users/Hache/.m2/repository/org/springframework/spring-aop/6.0.15/spring-aop-6.0.15.jar" className="org.apache.catalina.webresources.FileResourceSet" webAppMount="/WEB-INF/lib/spring-aop-6.0.15.jar"/>
    <PostResources base="C:/Users/Hache/.m2/repository/org/springframework/spring-context/6.0.15/spring-context-6.0.15.jar" className="org.apache.catalina.webresources.FileResourceSet" webAppMount="/WEB-INF/lib/spring-context-6.0.15.jar"/>
    <PostResources base="C:/Users/Hache/.m2/repository/org/springframework/spring-expression/6.0.15/spring-expression-6.0.15.jar" className="org.apache.catalina.webresources.FileResourceSet" webAppMount="/WEB-INF/lib/spring-expression-6.0.15.jar"/>
    <PostResources base="C:/Users/Hache/.m2/repository/jakarta/annotation/jakarta.annotation-api/2.1.1/jakarta.annotation-api-2.1.1.jar" className="org.apache.catalina.webresources.FileResourceSet" webAppMount="/WEB-INF/lib/jakarta.annotation-api-2.1.1.jar"/>
    <PostResources base="C:/Users/Hache/.m2/repository/org/apache/tomcat/embed/tomcat-embed-el/10.1.17/tomcat-embed-el-10.1.17.jar" className="org.apache.catalina.webresources.FileResourceSet" webAppMount="/WEB-INF/lib/tomcat-embed-el-10.1.17.jar"/>
    <PostResources base="C:/Users/Hache/.m2/repository/jakarta/xml/bind/jakarta.xml.bind-api/4.0.1/jakarta.xml.bind-api-4.0.1.jar" className="org.apache.catalina.webresources.FileResourceSet" webAppMount="/WEB-INF/lib/jakarta.xml.bind-api-4.0.1.jar"/>
    <PostResources base="C:/Users/Hache/.m2/repository/jakarta/activation/jakarta.activation-api/2.1.2/jakarta.activation-api-2.1.2.jar" className="org.apache.catalina.webresources.FileResourceSet" webAppMount="/WEB-INF/lib/jakarta.activation-api-2.1.2.jar"/>
    <PostResources base="C:/Users/Hache/.m2/repository/org/springframework/spring-core/6.0.15/spring-core-6.0.15.jar" className="org.apache.catalina.webresources.FileResourceSet" webAppMount="/WEB-INF/lib/spring-core-6.0.15.jar"/>
    <PostResources base="C:/Users/Hache/.m2/repository/org/springframework/spring-jcl/6.0.15/spring-jcl-6.0.15.jar" className="org.apache.catalina.webresources.FileResourceSet" webAppMount="/WEB-INF/lib/spring-jcl-6.0.15.jar"/>
    <PostResources base="C:/Users/Hache/.m2/repository/org/springframework/boot/spring-boot-devtools/3.1.7/spring-boot-devtools-3.1.7.jar" className="org.apache.catalina.webresources.FileResourceSet" webAppMount="/WEB-INF/lib/spring-boot-devtools-3.1.7.jar"/>
    <PostResources base="C:/Users/Hache/.m2/repository/org/springframework/boot/spring-boot/3.1.7/spring-boot-3.1.7.jar" className="org.apache.catalina.webresources.FileResourceSet" webAppMount="/WEB-INF/lib/spring-boot-3.1.7.jar"/>
    <PostResources base="C:/Users/Hache/.m2/repository/org/springframework/boot/spring-boot-autoconfigure/3.1.7/spring-boot-autoconfigure-3.1.7.jar" className="org.apache.catalina.webresources.FileResourceSet" webAppMount="/WEB-INF/lib/spring-boot-autoconfigure-3.1.7.jar"/>
  </Resources>
</Context>
