[{"lunes":"08:30, , ,20:00","telefono":"922597722","nombre":"FARMACIA LUÑO","utmX":378901.4,"utmY":3151710.2},{"web":"http://www.farmaciacampitosifara.es","lunes":"09:00,14:00,17:00,20:30","telefono":"922281323","nombre":"FARMACIA LOS CAMPITOS","utmX":376481.9,"utmY":3151614.8},{"web":"http://www.farmaciatrivino.com","lunes":"08:30, , ,21:30","telefono":"922537179","nombre":"FARMACIA TRIVIÑO","utmX":370786.6,"utmY":3146161.2},{"lunes":"09:00, , ,21:00","telefono":"922629609","nombre":"FARMACIA BUENO-FELIPE","utmX":370645.72,"utmY":3145768.2},{"lunes":"08:30,14:00,16:15,21:00","telefono":"922213070","nombre":"FARMACIA GONZALEZ ARQUEROS","utmX":377328.38,"utmY":3149220.5},{"lunes":"09:00,15:00,16:00,21:00","telefono":"922221434","nombre":"FARMACIA MONJE","utmX":376814.75,"utmY":3149083.5},{"web":"http://www.farmaciaferia.org","lunes":"08:15, , ,20:15","telefono":"922229206","nombre":"FARMACIA FERIA","utmX":376311.53,"utmY":3148666.2},{"lunes":"09:00,13:30,16:30,20:00","telefono":"922226412","nombre":"FARMACIA DURANA","utmX":376510.75,"utmY":3148989.2},{"lunes":"08:30, , ,22:00","telefono":"922220379","nombre":"FARMACIA LA SALLE","utmX":376909.3,"utmY":3148842.0},{"lunes":"08:00, , ,21:00","telefono":"922222125","nombre":"FARMACIA GONZALEZ","utmX":376439.25,"utmY":3148627.5},{"lunes":"09:00,13:30,16:45,19:30","telefono":"922270417","nombre":"FARMACIA GONZALEZ ARROYO","utmX":376594.5,"utmY":3149656.0},{"web":"http://www.farmaciaelchinito.com/","lunes":"09:00,13:30,16:45,20:15","telefono":"922275719","nombre":"FARMACIA EL CHINITO","utmX":376826.4,"utmY":3149630.5},{"web":"http://www.farmaciaduggi.com/","lunes":"09:00, , ,20:30","telefono":"922289806","nombre":"FARMACIA  DUGGI","utmX":376713.2,"utmY":3149493.0},{"lunes":"09:00,13:00,16:30,20:00","telefono":"922614101","nombre":"FARMACIA BENCOMO DUQUE","utmX":369430.3,"utmY":3144840.0},{"lunes":"09:00, , ,20:30","telefono":"922612915","nombre":"FARMACIA LAS MORADITAS","utmX":373607.8,"utmY":3147304.2},{"web":"http://www.farmaciamanuelgonzalezetayo.com","lunes":"08:30, , ,20:00","telefono":"922272405","nombre":"FARMACIA GONZALEZ ETAYO","utmX":377444.56,"utmY":3150165.0},{"lunes":"09:00, , ,19:30","telefono":"922284444","nombre":"FARMACIA MENCEY","utmX":377324.1,"utmY":3150308.8},{"lunes":"09:00,13:30,16:30,20:00","telefono":"922275814","nombre":"FARMACIA PELAEZ PARAMO","utmX":377564.44,"utmY":3150345.2},{"lunes":"09:00,13:30,16:30,20:00","telefono":"922283459","nombre":"FARMACIA CB SUAREZ","utmX":377671.28,"utmY":3150053.0},{"lunes":"09:00,13:30,16:45,19:30","telefono":"922275347","nombre":"FARMACIA SANZ DOBLADO","utmX":377776.84,"utmY":3150221.0},{"lunes":"08:30, , ,20:00","telefono":"922275 63","nombre":"FARMACIA ANAGA","utmX":378290.66,"utmY":3150873.5},{"lunes":"09:00,13:30,16:45,19:30","telefono":"922270379","nombre":"FARMACIA FERNANDEZ","utmX":377685.94,"utmY":3150540.0},{"lunes":"08:30, , ,20:30","telefono":"922596756","nombre":"FARMACIA MARÍA JIMENEZ","utmX":379968.44,"utmY":3152555.2},{"lunes":"09:00,13:30,16:45,19:30","telefono":"922596634","nombre":"FARMACIA GONZALEZ LUIS","utmX":378129.03,"utmY":3151414.8},{"lunes":"08:30, , ,20:30","telefono":"922591117","nombre":"FARMACIA DE LUGO FERNANDEZ","utmX":383279.2,"utmY":3153725.2},{"lunes":"09:00,13:30,16:45,20:00","telefono":"922272573","nombre":"FARMACIA MESTRES IZQUIERDO","utmX":375788.8,"utmY":3150118.0},{"lunes":"09:00,13:30,16:30,20:00","telefono":"922220762","nombre":"FARMACIA SALUD ALTO","utmX":374982.1,"utmY":3150184.2},{"lunes":"08:30, , ,20:30","telefono":"922220276","nombre":"FARMACIA SANTANA PAGES","utmX":375506.97,"utmY":3149888.8},{"web":"http://www.farmaciaespinosa.net/","lunes":"08:30, , ,21:00","telefono":"922232142","nombre":"FARMACIA ESPINOSA","utmX":375677.78,"utmY":3149889.2},{"lunes":"09:00,13:30,16:45,19:30","telefono":"922220755","nombre":"FARMACIA SALUD MEDIO","utmX":375238.72,"utmY":3149988.0},{"lunes":"09:00,13:30,16:30,19:45","telefono":"922206862","nombre":"FARMACIA RIVERA VILLALBA","utmX":375979.2,"utmY":3149505.8},{"web":"http://www.farmaciacruzdelseñor.com/","lunes":"08:30, , ,20:30","telefono":"922220071","nombre":"FARMACIA CRUZ DEL SEÑOR","utmX":375665.22,"utmY":3149392.0},{"lunes":"09:00,13:30,16:30,20:00","telefono":"922226189","nombre":"FARMACIA GARCIA RAMOS","utmX":375429.6,"utmY":3149271.8},{"web":"http://www.farmaciabarriodelperu.es","lunes":"09:00,13:30,16:30,20:30","telefono":"922222904","nombre":"FARMACIA PERÚ","utmX":375243.53,"utmY":3149501.0},{"web":"http://www.farmacialasindiasaurelia.es","lunes":"09:00,13:30,16:45,20:25","telefono":"922227162","nombre":"FARMACIA LAS INDIAS AURELIA","utmX":375414.72,"utmY":3149623.8},{"lunes":"08:30, , ,20:30","telefono":"922645816","nombre":"FARMACIA VUELTA DE LOS PÁJAROS","utmX":374932.8,"utmY":3149328.0},{"lunes":"09:00, , ,20:00","telefono":"922218328","nombre":"FARMACIA GLADIOLOS","utmX":375424.78,"utmY":3148950.0},{"web":"http://www.farmaciagalvannavarro.com","lunes":"08:00, , ,21:00","telefono":"922220114","nombre":"FARMACIA GALVAN","utmX":376084.28,"utmY":3148649.0},{"lunes":"08:45, , ,20:30","telefono":"922220111","nombre":"FARMACIA SOMOSIERRA","utmX":375494.56,"utmY":3148714.8},{"lunes":"08:00, , ,22:00","telefono":"922643750","nombre":"FARMACIA OFRA","utmX":374572.97,"utmY":3148368.2},{"lunes":"09:00, , ,21:00","telefono":"922643453","nombre":"FARMACIA CABRERA","utmX":374551.3,"utmY":3147934.0},{"lunes":"08:30, , ,20:30","telefono":"922660047","nombre":"FARMACIA LAS DELICIAS","utmX":374283.38,"utmY":3148008.2},{"lunes":"08:30, , ,20:30","telefono":"922642558","nombre":"FARMACIA JIMENEZ BETHENCOURT","utmX":374266.44,"utmY":3148632.5},{"lunes":"09:00,13:30,16:30,20:00","telefono":"922643911","nombre":"FARMACIA JUAN XXIII","utmX":374160.62,"utmY":3147743.0},{"web":"http://www.farmaciaanaza.com","lunes":"08:30, , ,21:30","telefono":"922688220","nombre":"FARMACIA AÑAZA","utmX":372814.78,"utmY":3145193.5},{"web":"https://es-es.facebook.com/farmaciadoramendez","lunes":"09:00, , ,21:00","telefono":"922688747","nombre":"FARMACIA CENTRAL","utmX":372554.3,"utmY":3145034.5},{"lunes":"08:30, , ,21:00","telefono":"922614559","nombre":"FARMACIA GRACIA PIMIENTA","utmX":372335.34,"utmY":3146989.8},{"lunes":"08:00, , ,20:30","telefono":"922611922","nombre":"FARMACIA BARRANCO GRANDE","utmX":372103.03,"utmY":3146369.2},{"lunes":"09:15,13:30,16:30,20:30","telefono":"922610078","nombre":"FARMACIA LA ASOMADITA","utmX":370904.56,"utmY":3146806.8},{"web":"https://es-es.facebook.com/farmacia.elsobradillo","lunes":"08:30, , ,21:00","telefono":"922610078","nombre":"FARMACIA EL SOBRADILLO","utmX":371332.34,"utmY":3146911.2},{"lunes":"08:00, , ,21:00","telefono":"922618706","nombre":"FARMACIA PEREZ BATISTA","utmX":371988.56,"utmY":3145150.8},{"lunes":"09:00,14:00,16:00,20:30","telefono":"922622400","nombre":"FARMACIA FLORIDO LEDESMA","utmX":369511.88,"utmY":3146947.2},{"lunes":"08:30, , ,22:00","telefono":"922243331","nombre":"FARMACIA MORA GRILLO","utmX":376898.72,"utmY":3148630.5},{"lunes":"08:00, , ,20:00","telefono":"922220056","nombre":"FARMACIA TOSTE","utmX":376350.94,"utmY":3149279.2},{"lunes":"08:00, , ,21:00","telefono":"922205956","nombre":"FARMACIA PARQUE LA GRANJA","utmX":376090.53,"utmY":3148917.0},{"lunes":"08:30, , ,20:30","telefono":"922641654","nombre":"FARMACIA VILLA ASCENSIÓN","utmX":374975.2,"utmY":3149820.5},{"lunes":"08:30, , ,21:00","telefono":"922273428","nombre":"FARMACIA MARTIN RODRIGUEZ","utmX":376560.0,"utmY":3149764.5},{"web":"https://es-es.facebook.com/farmaciapuentezurita","lunes":"08:00, , ,24:00","telefono":"922271263","nombre":"FARMACIA PUENTE ZURITA","utmX":376230.56,"utmY":3149717.5},{"web":"https://es-es.facebook.com/FarmaciaSalamancaFarmasalamanca","lunes":"00:00, , ,24:00","telefono":"922271279","nombre":"FARMACIA SALAMANCA","utmX":376464.34,"utmY":3149944.8},{"lunes":"08:30, , ,21:00","telefono":"922282122","nombre":"FARMACIA MARTIN IZQUIERDO","utmX":377081.7,"utmY":3150277.2},{"lunes":"09:00,13:30,16:30,19:45","telefono":"922222267","nombre":"FARMACIA DIAZ DE VILLEGAS","utmX":375043.62,"utmY":3148898.0},{"lunes":"08:00, , ,20:00","telefono":"922220417","nombre":"FARMACIA MARTINEZ RODRIGUEZ","utmX":375389.56,"utmY":3148271.5},{"lunes":"08:45, , ,20:30","telefono":"922662626","nombre":"FARMACIA CHAMBERÍ","utmX":375068.06,"utmY":3148039.5},{"lunes":"08:30, , ,20:30","telefono":"922642410","nombre":"FARMACIA GARCIGALL","utmX":373979.12,"utmY":3147993.5},{"lunes":"09:00,13:30,16:30,20:00","telefono":"922650572","nombre":"FARMACIA DIAZ GONZALEZ","utmX":373822.38,"utmY":3148238.5},{"lunes":"08:30, , ,20:30","telefono":"922646308","nombre":"FARMACIA BERCEDO DUQUE","utmX":374047.28,"utmY":3148471.5},{"lunes":"09:00,13:30,16:30,20:00","telefono":"922643855","nombre":"FARMACIA RODRIGUEZ DIEZ","utmX":373960.12,"utmY":3148705.2},{"lunes":"08:30, , ,21:00","telefono":"922236179","nombre":"FARMACIA EL CABO","utmX":377291.34,"utmY":3148887.2},{"lunes":"09:00,13:30,16:30,20:15","telefono":"922270533","nombre":"FARMACIA MOTA DOMINGUEZ","utmX":376993.72,"utmY":3149764.2},{"web":"https://es-es.facebook.com/FarmaciaPlazaDeLosPatos","lunes":"09:00, , ,21:00","telefono":"922271505","nombre":"FARMACIA PLAZA DE LOS PATOS","utmX":377080.1,"utmY":3150021.2},{"lunes":"09:00,13:30,16:45,19:30","telefono":"922270810","nombre":"FARMACIA GUANCHE","utmX":376544.9,"utmY":3149684.2},{"lunes":"09:00,13:30,16:45,20:00","telefono":"922282302","nombre":"FARMACIA EVORA","utmX":377581.12,"utmY":3149862.2},{"lunes":"09:00, , ,21:00","telefono":"922274576","nombre":"FARMACIA EL PILAR","utmX":377356.16,"utmY":3149973.0},{"lunes":"09:00,14:00,16:30,20:00","telefono":"922242471","nombre":"FARMACIA RODRIGUEZ EVORA","utmX":377563.22,"utmY":3149581.2},{"lunes":"08:00, , ,21:00","telefono":"922243047","nombre":"FARMACIA LA MARINA","utmX":377822.8,"utmY":3149698.8},{"lunes":"09:00, , ,21:00","telefono":"922243241","nombre":"FARMACIA CASTILLO","utmX":377634.47,"utmY":3149559.0},{"web":"http://www.farmaciasantacruz.es/","lunes":"09:00, , ,22:00","telefono":"922283037","nombre":"FARMACIA SANTA CRUZ","utmX":377354.0,"utmY":3149713.2},{"web":"http://www.farmaciaelnegrito.com","lunes":"08:30, , ,20:30","telefono":"922245996","nombre":"FARMACIA EL NEGRITO","utmX":377713.75,"utmY":3149505.5},{"web":"https://es-es.facebook.com/pages/Farmacia-Wildpret/125577380977765","lunes":"08:30, , ,21:30","telefono":"922271647","nombre":"FARMACIA WEYLER (WILDPRET)","utmX":377138.22,"utmY":3149656.8},{"lunes":"08:30, , ,22:00","telefono":"922271410","nombre":"FARMACIA COROMINAS","utmX":377020.2,"utmY":3149502.0},{"lunes":"09:00, , ,21:00","telefono":"922241244","nombre":"FARMACIA MOTA ARMAS","utmX":377412.78,"utmY":3149526.0},{"web":"http://www.farmacialaconcepcionsantacruz.com/","lunes":"08:30, , ,20:50","telefono":"922241430","nombre":"FARMACIA LA CONCEPCION","utmX":377677.6,"utmY":3149279.5},{"web":"www.aoihero.com","lunes":"10:00,20:00","telefono":"555 555 555","nombre":"farmacia hache ","utmX":1600.0,"utmY":16000.0}]